Sense,virusname,cityblock
+ssRNA (Cov),ACoV ,0.5475807084012987
+ssRNA,CTV,0.2712329338538385
+ssRNA (Cov),CoV20A,0.9740521284948523
+ssRNA (Cov),CoV22C,0.871147401607355
+ssRNA,DWV,0.39468118975477506
+ssRNA,FMDV,0.45788604734906285
+ssRNA,HAV,0.47142051354146913
+ssRNA,HCV,0.2459344438646365
+ssRNA,HEV,0.49844841981395693
+ssRNA,HGV,0.2571619629160219
+ssRNA (Cov),PEDV,0.6550230696832877
+ssRNA,PRRSV,0.3263912601039151
+ssRNA,WNV,0.38631369007685507
+ssRNA (Cov),alCoV1,0.6145647357376098
+ssRNA,denv,0.2918913208531879
+ssRNA,evA,0.31083468278713305
+ssRNA,evC,0.20393520946571553
+ssRNA,evD,0.42980178577222855
+ssRNA,norw,0.3965035641357502
-ssRNA,EBLV1,0.31422128402457
-ssRNA,HMV,0.23318992323143356
-ssRNA,OROV,0.20560434001293026
-ssRNA,PUUV,0.35433252579248553
-ssRNA,RSV,0.2172188528488548
-ssRNA,SBV,0.3857765730460317
-ssRNA,aka,0.16442508758012037
-ssRNA,flu_a,0.26207846802517015
-ssRNA,rsv-a,0.30758740203709634
dsRNA,BAV,0.38526535825725383
dsRNA,EHDV,0.2903240916797072
dsRNA,HBV,0.1753891160946663
dsRNA,MRV,0.24103167921207827
dsRNA,PRV,0.35956367236454634
dsRNA,RBSDV,0.5810226153111092
dsRNA,aorv,0.43351553547042726
