taxid,A,C,D,E,F,G,H,I,K,L,M,N,P,Q,R,S,T,V,W,Y
20A,0.002043628692316537,0.016944638600706063,0.003723708288614254,0.0008723105008463705,0.4531629956826746,0.0007820172374720874,0.009731086139518142,0.11952249353977376,0.0051266842468759176,0.1608115786421849,0.0033922343529226885,0.02188472637286546,0.005340570555145053,0.002279590119907369,0.0029159391931629307,0.05837798107048698,0.012010676259425505,0.02091406505380328,0.0005771921001745827,0.09958588335112363
22C,0.004048722773842469,0.02640887138170264,0.007873412865582107,0.002634141156202126,0.3527791161637672,0.0026383683044208,0.012082189557588994,0.13330150983162975,0.010490718999853781,0.17211060720382051,0.007062141733440048,0.031356619499367744,0.006212990078740898,0.004042235980003759,0.006682863930044628,0.061957694662564386,0.016124425537592663,0.03524426413742694,0.001773251022284225,0.10517585518012423
