,taxid,A,C,D,E,F,G,H,I,K,L,M,N,P,Q,R,S,T,V,W,Y
0,2697049,0.0020384918480861876,0.016902046730002215,0.00371434841345225,0.0008701178700714587,0.45202392980026135,0.0007800515669226187,0.009706626180682193,0.09933556529078805,0.005113797865659872,0.16040736429883978,0.023270205395953144,0.02182971714794058,0.005327146551486278,0.002273860165440196,0.0020384918480861954,0.058231242772887215,0.011980486346122287,0.020861495673266107,0.003959448943263995,0.09933556529078824
