taxid,A,C,D,E,F,G,H,I,K,L,M,N,P,Q,R,S,T,V,W,Y
2697049,0.002043628692316443,0.016944638600706056,0.00372370828861423,0.0008723105008463695,0.45316299568267426,0.0007820172374719565,0.009731086139518081,0.11952249353977426,0.0051266842468762445,0.16081157864218512,0.0033922343529226378,0.021884726372865752,0.005340570555144875,0.002279590119907375,0.0029159391931628206,0.058377981070486654,0.012010676259425354,0.020914065053803155,0.0005771921001745663,0.09958588335112398
