Mut,ObsMut_all,ObsMut_syn,ObsMut_syn4f,ExpMut_all,ExpMut_syn,ExpMut_syn4f,MutSpec_all,MutSpec_syn,MutSpec_syn4f
A>C,9762,1757,1945,8952,1590,1230,0.014292716216317556,0.00794400692014044,0.0038709897987015346
A>G,46067,15542,10132,8952,2596,1230,0.06744750644715232,0.043039497596009994,0.0201649710233645
A>T,7499,3223,3168,8952,1387,1230,0.010979418039967768,0.016705090049830177,0.006305036340507179
C>A,9263,1695,6998,5492,704,609,0.02210635686048235,0.017308603128172773,0.02812964025640703
C>G,4493,518,2370,5492,582,582,0.01072264507979566,0.006398405376594817,0.009968570713694329
C>T,152411,81511,98125,5492,1670,731,0.3637322633556057,0.3508849384080213,0.3286017147458202
G>A,49293,16269,28814,5863,919,277,0.11019487515572007,0.12726539342284898,0.2546427497583117
G>C,4405,495,1680,5863,277,277,0.0098474108912208,0.012846665214328932,0.014846943138542502
G>T,51506,9789,28475,5863,277,277,0.11514205343092361,0.25405253693548663,0.2516468487321415
T>A,6793,2990,3842,9594,2421,2160,0.0092802129401525,0.008878536317711313,0.004354227756862776
T>C,152270,82635,52611,9594,4668,2160,0.20802267398749028,0.12726182902553457,0.05962526718279737
T>G,42625,8237,15744,9594,2160,2160,0.05823186759517156,0.027414497605320227,0.017843040552849437
