,Aa_Mut,Pos,Mut_Sub,Anti_Aa_Mut,Anti_Aa_Mut_count,direct_vs_reverse
12,*_UG>Leu_UU,2,1,Leu_UU>*_UG,1,2.0
19,Ala>Ser_UC,6001,1,Ser_UC>Ala,5029,1.1932789819049512
21,Ala>Val,12003,1,Val>Ala,11710,1.0250213492741247
25,Arg_AG>Ile,813,1,Ile>Arg_AG,705,1.1531914893617021
32,Arg_CG>Cys,1851,1,Cys>Arg_CG,1812,1.021523178807947
36,Arg_CG>Leu_CU,698,1,Leu_CU>Arg_CG,599,1.1652754590984975
39,Arg_CG>Trp,90,1,Trp>Arg_CG,119,0.7563025210084033
52,Asp>Tyr,3602,1,Tyr>Asp,2888,1.247229916897507
57,Cys>Phe,955,1,Phe>Cys,768,1.2434895833333333
62,Gln>*_UA,563,1,*_UA>Gln,551,1.0217785843920144
69,Glu>*_UA,590,1,*_UA>Glu,496,1.189516129032258
76,Gly>*_UG,133,1,*_UG>Gly,104,1.2788461538461537
81,Gly>Cys,2138,1,Cys>Gly,1725,1.2394202898550724
84,Gly>Trp,59,1,Trp>Gly,42,1.4047619047619047
85,Gly>Val,2073,1,Val>Gly,1678,1.235399284862932
92,His>Tyr,4251,1,Tyr>His,4256,0.9988251879699248
107,Leu_CU>Leu_UU,5802,1,Leu_UU>Leu_CU,5725,1.0134497816593886
109,Leu_CU>Phe,8093,1,Phe>Leu_CU,7927,1.0209410874227325
147,Pro>Leu_CU,6252,1,Leu_CU>Pro,6132,1.0195694716242663
148,Pro>Ser_UC,7183,1,Ser_UC>Pro,7106,1.0108359133126934
155,Ser_AG>Ile,1246,1,Ile>Ser_AG,1017,1.2251720747295969
161,Ser_UC>Leu_UU,4150,1,Leu_UU>Ser_UC,3997,1.0382787090317738
162,Ser_UC>Phe,4635,1,Phe>Ser_UC,4552,1.0182337434094904
170,Thr>Ile,18741,1,Ile>Thr,18175,1.0311416781292986
182,Trp>Leu_UU,646,1,Leu_UU>Trp,512,1.26171875
197,Val>Leu_UU,3100,1,Leu_UU>Val,2507,1.2365376944555246
199,Val>Phe,4019,1,Phe>Val,3280,1.2253048780487805
