aa,freq
Phe,0.3168482480541878
Leu,0.19827995401001103
Ser,0.12014988338088595
Ile,0.08640192815591687
Tyr,0.07334517700761635
Val,0.043425326372300614
Cys,0.03482892378825544
Thr,0.025139389616028893
His,0.02016447816913799
Pro,0.01811226466440245
Asn,0.016934637970047104
Arg,0.00889460847233297
Asp,0.007792838879725821
Ala,0.006972941025654492
Met,0.006695814254581413
Gln,0.004974911446890922
Lys,0.004532042563047408
Gly,0.0026843763928343445
Glu,0.0019216674466784897
Trp,0.0019005883294637435
