cdn,freq,aa
AAA,0.00426719,Lys
AAC,0.00189742,Asn
AAG,0.000726067,Lys
AAT,0.0194177,Asn
ACA,0.00189742,Thr
ACC,0.000843689,Thr
ACG,0.000322847,Thr
ACT,0.00863414,Thr
AGA,0.000726067,Arg
AGC,0.000322847,Ser
AGG,0.000123541,Arg
AGT,0.00330395,Ser
ATA,0.0194177,Ile
ATC,0.00863414,Ile
ATG,0.00330395,Met
ATT,0.08836,Ile
CAA,0.00189742,Gln
CAC,0.000843689,His
CAG,0.000322847,Gln
CAT,0.00863414,His
CCA,0.000843689,Pro
CCC,0.000375148,Pro
CCG,0.000143555,Pro
CCT,0.00383919,Pro
CGA,0.000322847,Arg
CGC,0.000143555,Arg
CGG,5.49328e-05,Arg
CGT,0.00146911,Arg
CTA,0.00863414,Leu
CTC,0.00383919,Leu
CTG,0.00146911,Leu
CTT,0.0392894,Leu
GAA,0.000726067,Glu
GAC,0.000322847,Asp
GAG,0.000123541,Glu
GAT,0.00330395,Asp
GCA,0.000322847,Ala
GCC,0.000143555,Ala
GCG,5.49328e-05,Ala
GCT,0.00146911,Ala
GGA,0.000123541,Gly
GGC,5.49328e-05,Gly
GGG,2.10206e-05,Gly
GGT,0.00056217,Gly
GTA,0.00330395,Val
GTC,0.00146911,Val
GTG,0.00056217,Val
GTT,0.0150345,Val
TAA,0.0194177,*
TAC,0.00863414,Tyr
TAG,0.00330395,*
TAT,0.08836,Tyr
TCA,0.00863414,Ser
TCC,0.00383919,Ser
TCG,0.00146911,Ser
TCT,0.0392894,Ser
TGA,0.00330395,*
TGC,0.00146911,Cys
TGG,0.00056217,Trp
TGT,0.0150345,Cys
TTA,0.08836,Leu
TTC,0.0392894,Phe
TTG,0.0150345,Leu
TTT,0.40208,Phe
