cdn,freq,aa
AAA,0.004267191959405327,K
AAC,0.0018974152028838928,N
AAG,0.0007260670203327592,K
AAT,0.0194177470380918,N
ACA,0.0018974152028839396,T
ACC,0.0008436893597439109,T
ACG,0.00032284711252694026,T
ACT,0.008634138980934394,T
AGA,0.0007260670203328567,R
AGC,0.00032284711252691814,S
AGG,0.00012354103659503775,R
AGT,0.00330394926397654,S
ATA,0.019417747038092285,I
ATC,0.00863413898093445,I
ATG,0.003303949263976596,M
ATT,0.08835995746671127,I
CAA,0.0018974152028839294,Q
CAC,0.0008436893597439418,H
CAG,0.00032284711252692606,Q
CAT,0.008634138980934455,H
CCA,0.0008436893597439451,P
CCC,0.00037514811447870826,P
CCG,0.0001435545964051628,P
CCT,0.003839186688128587,P
CGA,0.00032284711252692855,R
CGC,0.0001435545964051621,R
CGG,5.493276216431597e-05,R
CGT,0.0014691074652053158,R
CTA,0.008634138980934474,L
CTC,0.003839186688128587,L
CTG,0.0014691074652053244,L
CTT,0.039289426915513154,L
GAA,0.0007260670203328125,E
GAC,0.0003228471125269214,D
GAG,0.00012354103659504645,E
GAT,0.003303949263976553,D
GCA,0.00032284711252692606,A
GCC,0.0001435545964051606,A
GCG,5.493276216430884e-05,A
GCT,0.0014691074652053186,A
GGA,0.00012354103659504667,G
GGC,5.493276216430921e-05,G
GGG,2.1020632111861954e-05,G
GGT,0.0005621703031518833,G
GTA,0.0033039492639765932,V
GTC,0.0014691074652053262,V
GTG,0.0005621703031519318,V
GTT,0.015034535977033988,V
TAA,0.01941774703809224,*
TAC,0.008634138980934465,Y
TAG,0.0033039492639765746,*
TAT,0.08835995746671142,Y
TCA,0.008634138980934474,S
TCC,0.0038391866881285854,S
TCG,0.0014691074652053342,S
TCT,0.03928942691551316,S
TGA,0.003303949263976577,*
TGC,0.0014691074652053303,C
TGG,0.0005621703031519207,W
TGT,0.015034535977034004,C
TTA,0.08835995746671163,L
TTC,0.03928942691551316,F
TTG,0.015034535977034033,L
TTT,0.4020797092578753,F
