"","NucSubst","ExpFr","ObsFr","MutSpec"
"1","A>C",8954,9798,1.094259548805
"2","A>G",8954,46124,5.15121733303551
"3","A>U",8954,7889,0.881058744695108
"4","C>A",5492,9309,1.69501092498179
"5","C>G",5492,4740,0.863073561544064
"6","C>U",5492,153104,27.877640203933
"7","G>A",5863,49449,8.43407811700495
"8","G>C",5863,4586,0.782193416339758
"9","G>U",5863,53549,9.13337881630565
"10","U>A",9594,7248,0.755472170106316
"11","U>C",9594,152763,15.9227642276423
"12","U>G",9594,44209,4.60798415676464
