Mut,ObsMut_all,ObsMut_syn,ObsMut_syn4f,ExpMut_all,ExpMut_syn,ExpMut_syn4f,MutSpec_all,MutSpec_syn,MutSpec_syn4f
A>C,16185,3035,3329,8952,1590,1230,0.014357600622898826,0.008455554116918257,0.0040693392972732
A>G,76307,25600,16692,8952,2596,1230,0.06769140752125677,0.043683334235541785,0.020404148858541377
A>T,12229,5275,5211,8952,1387,1230,0.010848260612754387,0.01684715242790436,0.0063698789660831005
C>A,15641,2942,11809,5492,704,609,0.022616386943711788,0.018511879369963066,0.029154865929967102
C>G,7469,860,3879,5492,582,582,0.010799935687141701,0.0065456980697555026,0.010021021954814956
C>T,255466,135495,165265,5492,1670,731,0.36939568486428465,0.3594076364695764,0.33992157445946847
G>A,79514,26260,46538,5863,919,277,0.10769931614915819,0.12657843234994517,0.2526057109183764
G>C,7371,840,2801,5863,277,277,0.009983797310353459,0.01343321665830774,0.015203674336722085
G>T,79349,15028,43910,5863,277,277,0.10747582862287838,0.24032664278696272,0.23834107109084854
T>A,11501,4998,6438,9594,2421,2160,0.009519740887940173,0.009144963252949154,0.004481386895587761
T>C,255193,136450,88162,9594,4668,2160,0.2112313047922891,0.12948611325545437,0.061368131638522554
T>G,70531,13448,25944,9594,2160,2160,0.058380735985332444,0.02757937700672152,0.01805919565379448
